onset	duration	trial_type	value	sample
4.5	1.0	Target	2	1152
4.625	1.0	NonTarget	1	1184
4.75	1.0	NonTarget	1	1216
4.875	1.0	NonTarget	1	1248
5.0	1.0	NonTarget	1	1280
5.125	1.0	NonTarget	1	1312
5.25	1.0	NonTarget	1	1344
5.375	1.0	Target	2	1376
5.5	1.0	NonTarget	1	1408
5.625	1.0	NonTarget	1	1440
5.75	1.0	Target	2	1472
5.875	1.0	NonTarget	1	1504
6.0	1.0	NonTarget	1	1536
6.125	1.0	Target	2	1568
6.25	1.0	NonTarget	1	1600
6.375	1.0	NonTarget	1	1632
6.5	1.0	NonTarget	1	1664
6.625	1.0	Target	2	1696
6.75	1.0	NonTarget	1	1728
6.875	1.0	NonTarget	1	1760
7.0	1.0	NonTarget	1	1792
7.125	1.0	NonTarget	1	1824
7.25	1.0	Target	2	1856
7.375	1.0	NonTarget	1	1888
7.5	1.0	NonTarget	1	1920
7.625	1.0	Target	2	1952
7.75	1.0	NonTarget	1	1984
7.875	1.0	NonTarget	1	2016
8.0	1.0	NonTarget	1	2048
8.125	1.0	NonTarget	1	2080
8.25	1.0	Target	2	2112
8.375	1.0	NonTarget	1	2144
8.5	1.0	NonTarget	1	2176
8.625	1.0	NonTarget	1	2208
8.75	1.0	Target	2	2240
8.875	1.0	NonTarget	1	2272
9.0	1.0	NonTarget	1	2304
9.125	1.0	NonTarget	1	2336
9.25	1.0	NonTarget	1	2368
9.375	1.0	Target	2	2400
9.5	1.0	NonTarget	1	2432
9.625	1.0	NonTarget	1	2464
9.75	1.0	Target	2	2496
9.875	1.0	NonTarget	1	2528
10.0	1.0	NonTarget	1	2560
10.125	1.0	Target	2	2592
10.25	1.0	NonTarget	1	2624
10.375	1.0	NonTarget	1	2656
10.5	1.0	Target	2	2688
10.625	1.0	NonTarget	1	2720
10.75	1.0	NonTarget	1	2752
10.875	1.0	Target	2	2784
11.0	1.0	NonTarget	1	2816
11.125	1.0	NonTarget	1	2848
11.25	1.0	NonTarget	1	2880
14.875	1.0	Target	2	3808
15.0	1.0	NonTarget	1	3840
15.125	1.0	NonTarget	1	3872
15.25	1.0	Target	2	3904
15.375	1.0	NonTarget	1	3936
15.5	1.0	NonTarget	1	3968
15.625	1.0	NonTarget	1	4000
15.75	1.0	Target	2	4032
15.875	1.0	NonTarget	1	4064
16.0	1.0	NonTarget	1	4096
16.125	1.0	NonTarget	1	4128
16.25	1.0	Target	2	4160
16.375	1.0	NonTarget	1	4192
16.5	1.0	NonTarget	1	4224
16.625	1.0	NonTarget	1	4256
16.75	1.0	NonTarget	1	4288
16.875	1.0	NonTarget	1	4320
17.0	1.0	NonTarget	1	4352
17.125	1.0	Target	2	4384
17.25	1.0	NonTarget	1	4416
17.375	1.0	NonTarget	1	4448
17.5	1.0	Target	2	4480
17.625	1.0	NonTarget	1	4512
17.75	1.0	NonTarget	1	4544
17.875	1.0	NonTarget	1	4576
18.0	1.0	NonTarget	1	4608
18.125	1.0	NonTarget	1	4640
18.25	1.0	Target	2	4672
18.375	1.0	NonTarget	1	4704
18.5	1.0	NonTarget	1	4736
18.625	1.0	NonTarget	1	4768
18.75	1.0	NonTarget	1	4800
18.875	1.0	Target	2	4832
19.0	1.0	NonTarget	1	4864
19.125	1.0	NonTarget	1	4896
19.25	1.0	Target	2	4928
19.375	1.0	NonTarget	1	4960
19.5	1.0	NonTarget	1	4992
19.625	1.0	Target	2	5024
19.75	1.0	NonTarget	1	5056
19.875	1.0	NonTarget	1	5088
20.0	1.0	Target	2	5120
20.125	1.0	NonTarget	1	5152
20.25	1.0	NonTarget	1	5184
20.375	1.0	NonTarget	1	5216
20.5	1.0	Target	2	5248
20.625	1.0	NonTarget	1	5280
20.75	1.0	NonTarget	1	5312
20.875	1.0	NonTarget	1	5344
21.0	1.0	NonTarget	1	5376
21.125	1.0	Target	2	5408
21.25	1.0	NonTarget	1	5440
21.375	1.0	NonTarget	1	5472
21.5	1.0	Target	2	5504
21.625	1.0	NonTarget	1	5536
21.75	1.0	NonTarget	1	5568
21.875	1.0	NonTarget	1	5600
22.0	1.0	NonTarget	1	5632
22.125	1.0	Target	2	5664
22.25	1.0	NonTarget	1	5696
22.375	1.0	NonTarget	1	5728
22.5	1.0	NonTarget	1	5760
22.625	1.0	NonTarget	1	5792
22.75	1.0	Target	2	5824
22.875	1.0	NonTarget	1	5856
23.0	1.0	NonTarget	1	5888
23.125	1.0	NonTarget	1	5920
23.25	1.0	NonTarget	1	5952
23.375	1.0	Target	2	5984
23.5	1.0	NonTarget	1	6016
23.625	1.0	NonTarget	1	6048
23.75	1.0	Target	2	6080
23.875	1.0	Target	2	6112
27.5	1.0	NonTarget	1	7040
27.625	1.0	Target	2	7072
27.75	1.0	NonTarget	1	7104
27.875	1.0	NonTarget	1	7136
28.0	1.0	Target	2	7168
28.125	1.0	NonTarget	1	7200
28.25	1.0	NonTarget	1	7232
28.375	1.0	NonTarget	1	7264
28.5	1.0	Target	2	7296
28.625	1.0	NonTarget	1	7328
28.75	1.0	NonTarget	1	7360
28.875	1.0	NonTarget	1	7392
29.0	1.0	Target	2	7424
29.125	1.0	NonTarget	1	7456
29.25	1.0	NonTarget	1	7488
29.375	1.0	Target	2	7520
29.5	1.0	NonTarget	1	7552
29.625	1.0	NonTarget	1	7584
29.75	1.0	NonTarget	1	7616
29.875	1.0	NonTarget	1	7648
30.0	1.0	Target	2	7680
30.125	1.0	NonTarget	1	7712
30.25	1.0	NonTarget	1	7744
30.375	1.0	NonTarget	1	7776
30.5	1.0	NonTarget	1	7808
30.625	1.0	Target	2	7840
30.75	1.0	NonTarget	1	7872
30.875	1.0	NonTarget	1	7904
31.0	1.0	Target	2	7936
31.125	1.0	NonTarget	1	7968
31.25	1.0	NonTarget	1	8000
31.375	1.0	NonTarget	1	8032
31.5	1.0	NonTarget	1	8064
31.625	1.0	Target	2	8096
31.75	1.0	NonTarget	1	8128
31.875	1.0	NonTarget	1	8160
32.0	1.0	NonTarget	1	8192
32.125	1.0	NonTarget	1	8224
32.25	1.0	Target	2	8256
32.375	1.0	NonTarget	1	8288
32.5	1.0	NonTarget	1	8320
32.625	1.0	NonTarget	1	8352
32.75	1.0	NonTarget	1	8384
32.875	1.0	Target	2	8416
33.0	1.0	NonTarget	1	8448
33.125	1.0	NonTarget	1	8480
33.25	1.0	Target	2	8512
33.375	1.0	NonTarget	1	8544
33.5	1.0	NonTarget	1	8576
33.625	1.0	NonTarget	1	8608
33.75	1.0	NonTarget	1	8640
33.875	1.0	NonTarget	1	8672
34.0	1.0	Target	2	8704
34.125	1.0	NonTarget	1	8736
34.25	1.0	NonTarget	1	8768
34.375	1.0	NonTarget	1	8800
34.5	1.0	NonTarget	1	8832
34.625	1.0	NonTarget	1	8864
34.75	1.0	Target	2	8896
34.875	1.0	NonTarget	1	8928
35.0	1.0	NonTarget	1	8960
35.125	1.0	Target	2	8992
35.25	1.0	NonTarget	1	9024
35.375	1.0	NonTarget	1	9056
35.5	1.0	Target	2	9088
35.625	1.0	NonTarget	1	9120
35.75	1.0	NonTarget	1	9152
35.875	1.0	Target	2	9184
36.0	1.0	NonTarget	1	9216
36.125	1.0	NonTarget	1	9248
36.25	1.0	Target	2	9280
36.375	1.0	NonTarget	1	9312
36.5	1.0	NonTarget	1	9344
40.125	1.0	NonTarget	1	10272
40.25	1.0	Target	2	10304
40.375	1.0	NonTarget	1	10336
40.5	1.0	NonTarget	1	10368
40.625	1.0	Target	2	10400
40.75	1.0	NonTarget	1	10432
40.875	1.0	NonTarget	1	10464
41.0	1.0	NonTarget	1	10496
41.125	1.0	NonTarget	1	10528
41.25	1.0	Target	2	10560
41.375	1.0	NonTarget	1	10592
41.5	1.0	NonTarget	1	10624
41.625	1.0	NonTarget	1	10656
41.75	1.0	NonTarget	1	10688
41.875	1.0	Target	2	10720
42.0	1.0	NonTarget	1	10752
42.125	1.0	NonTarget	1	10784
42.25	1.0	NonTarget	1	10816
42.375	1.0	NonTarget	1	10848
42.5	1.0	Target	2	10880
42.625	1.0	NonTarget	1	10912
42.75	1.0	NonTarget	1	10944
42.875	1.0	Target	2	10976
43.0	1.0	NonTarget	1	11008
43.125	1.0	NonTarget	1	11040
43.25	1.0	NonTarget	1	11072
43.375	1.0	NonTarget	1	11104
43.5	1.0	Target	2	11136
43.625	1.0	NonTarget	1	11168
43.75	1.0	NonTarget	1	11200
43.875	1.0	Target	2	11232
44.0	1.0	NonTarget	1	11264
44.125	1.0	NonTarget	1	11296
44.25	1.0	NonTarget	1	11328
44.375	1.0	NonTarget	1	11360
44.5	1.0	Target	2	11392
44.625	1.0	NonTarget	1	11424
44.75	1.0	NonTarget	1	11456
44.875	1.0	NonTarget	1	11488
45.0	1.0	NonTarget	1	11520
45.125	1.0	Target	2	11552
45.25	1.0	NonTarget	1	11584
45.375	1.0	NonTarget	1	11616
45.5	1.0	Target	2	11648
45.625	1.0	NonTarget	1	11680
45.75	1.0	NonTarget	1	11712
45.875	1.0	Target	2	11744
46.0	1.0	NonTarget	1	11776
46.125	1.0	Target	2	11808
46.25	1.0	NonTarget	1	11840
46.375	1.0	NonTarget	1	11872
46.5	1.0	Target	2	11904
46.625	1.0	NonTarget	1	11936
46.75	1.0	NonTarget	1	11968
46.875	1.0	NonTarget	1	12000
47.0	1.0	Target	2	12032
47.125	1.0	NonTarget	1	12064
47.25	1.0	NonTarget	1	12096
47.375	1.0	NonTarget	1	12128
47.5	1.0	NonTarget	1	12160
47.625	1.0	Target	2	12192
47.75	1.0	NonTarget	1	12224
47.875	1.0	NonTarget	1	12256
48.0	1.0	NonTarget	1	12288
48.125	1.0	Target	2	12320
48.25	1.0	NonTarget	1	12352
48.375	1.0	NonTarget	1	12384
48.5	1.0	NonTarget	1	12416
48.625	1.0	NonTarget	1	12448
48.75	1.0	NonTarget	1	12480
48.875	1.0	NonTarget	1	12512
49.0	1.0	Target	2	12544
49.125	1.0	NonTarget	1	12576
52.75	1.0	Target	2	13504
52.875	1.0	NonTarget	1	13536
53.0	1.0	NonTarget	1	13568
53.125	1.0	NonTarget	1	13600
53.25	1.0	NonTarget	1	13632
53.375	1.0	Target	2	13664
53.5	1.0	NonTarget	1	13696
53.625	1.0	NonTarget	1	13728
53.75	1.0	Target	2	13760
53.875	1.0	NonTarget	1	13792
54.0	1.0	NonTarget	1	13824
54.125	1.0	NonTarget	1	13856
54.25	1.0	Target	2	13888
54.375	1.0	NonTarget	1	13920
54.5	1.0	NonTarget	1	13952
54.625	1.0	NonTarget	1	13984
54.75	1.0	NonTarget	1	14016
54.875	1.0	NonTarget	1	14048
55.0	1.0	Target	2	14080
55.125	1.0	NonTarget	1	14112
55.25	1.0	NonTarget	1	14144
55.375	1.0	Target	2	14176
55.5	1.0	NonTarget	1	14208
55.625	1.0	NonTarget	1	14240
55.75	1.0	NonTarget	1	14272
55.875	1.0	NonTarget	1	14304
56.0	1.0	NonTarget	1	14336
56.125	1.0	NonTarget	1	14368
56.25	1.0	Target	2	14400
56.375	1.0	NonTarget	1	14432
56.5	1.0	NonTarget	1	14464
56.625	1.0	NonTarget	1	14496
56.75	1.0	NonTarget	1	14528
56.875	1.0	NonTarget	1	14560
57.0	1.0	Target	2	14592
57.125	1.0	NonTarget	1	14624
57.25	1.0	NonTarget	1	14656
57.375	1.0	Target	2	14688
57.5	1.0	NonTarget	1	14720
57.625	1.0	NonTarget	1	14752
57.75	1.0	Target	2	14784
57.875	1.0	NonTarget	1	14816
58.0	1.0	NonTarget	1	14848
58.125	1.0	Target	2	14880
58.25	1.0	NonTarget	1	14912
58.375	1.0	NonTarget	1	14944
58.5	1.0	Target	2	14976
58.625	1.0	NonTarget	1	15008
58.75	1.0	NonTarget	1	15040
58.875	1.0	Target	2	15072
59.0	1.0	NonTarget	1	15104
59.125	1.0	NonTarget	1	15136
59.25	1.0	NonTarget	1	15168
59.375	1.0	NonTarget	1	15200
59.5	1.0	Target	2	15232
59.625	1.0	NonTarget	1	15264
59.75	1.0	NonTarget	1	15296
59.875	1.0	NonTarget	1	15328
60.0	1.0	Target	2	15360
60.125	1.0	NonTarget	1	15392
60.25	1.0	NonTarget	1	15424
60.375	1.0	NonTarget	1	15456
60.5	1.0	NonTarget	1	15488
60.625	1.0	Target	2	15520
60.75	1.0	NonTarget	1	15552
60.875	1.0	NonTarget	1	15584
61.0	1.0	Target	2	15616
61.125	1.0	NonTarget	1	15648
61.25	1.0	NonTarget	1	15680
61.375	1.0	Target	2	15712
61.5	1.0	NonTarget	1	15744
61.625	1.0	NonTarget	1	15776
61.75	1.0	Target	2	15808
65.375	1.0	Target	2	16736
65.5	1.0	NonTarget	1	16768
65.625	1.0	NonTarget	1	16800
65.75	1.0	NonTarget	1	16832
65.875	1.0	NonTarget	1	16864
66.0	1.0	NonTarget	1	16896
66.125	1.0	NonTarget	1	16928
66.25	1.0	Target	2	16960
66.375	1.0	NonTarget	1	16992
66.5	1.0	NonTarget	1	17024
66.625	1.0	Target	2	17056
66.75	1.0	NonTarget	1	17088
66.875	1.0	NonTarget	1	17120
67.0	1.0	Target	2	17152
67.125	1.0	NonTarget	1	17184
67.25	1.0	NonTarget	1	17216
67.375	1.0	NonTarget	1	17248
67.5	1.0	Target	2	17280
67.625	1.0	NonTarget	1	17312
67.75	1.0	NonTarget	1	17344
67.875	1.0	NonTarget	1	17376
68.0	1.0	NonTarget	1	17408
68.125	1.0	Target	2	17440
68.25	1.0	NonTarget	1	17472
68.375	1.0	NonTarget	1	17504
68.5	1.0	NonTarget	1	17536
68.625	1.0	NonTarget	1	17568
68.75	1.0	Target	2	17600
68.875	1.0	NonTarget	1	17632
69.0	1.0	NonTarget	1	17664
69.125	1.0	NonTarget	1	17696
69.25	1.0	NonTarget	1	17728
69.375	1.0	Target	2	17760
69.5	1.0	NonTarget	1	17792
69.625	1.0	NonTarget	1	17824
69.75	1.0	Target	2	17856
69.875	1.0	NonTarget	1	17888
70.0	1.0	NonTarget	1	17920
70.125	1.0	Target	2	17952
70.25	1.0	NonTarget	1	17984
70.375	1.0	NonTarget	1	18016
70.5	1.0	Target	2	18048
70.625	1.0	NonTarget	1	18080
70.75	1.0	NonTarget	1	18112
70.875	1.0	NonTarget	1	18144
71.0	1.0	Target	2	18176
71.125	1.0	NonTarget	1	18208
71.25	1.0	NonTarget	1	18240
71.375	1.0	NonTarget	1	18272
71.5	1.0	NonTarget	1	18304
71.625	1.0	Target	2	18336
71.75	1.0	NonTarget	1	18368
71.875	1.0	NonTarget	1	18400
72.0	1.0	Target	2	18432
72.125	1.0	NonTarget	1	18464
72.25	1.0	NonTarget	1	18496
72.375	1.0	NonTarget	1	18528
72.5	1.0	Target	2	18560
72.625	1.0	NonTarget	1	18592
72.75	1.0	NonTarget	1	18624
